enzyme,condition,Vmax,Km
EnzA,pH7,0.8933727377943452,7.073663118871097
EnzA,pH8,1.1999921060492313,6.9999481149074825
EnzB,Mutant,2.1878922100777505,9.939461244083002
EnzB,WT,32.06261479406929,363.46267225695124
