Inhibitor,Bottom,Top,IC50,Hill
DrugA,57.60947668073323,95.29500390124205,0.16311892192963273,1.734372167284661
DrugB,48.9678848726997,89.67210884597452,0.08777953054712333,4.106250015457543
DrugC,8.629153922444297,99.37084607755571,0.0707106781186547,0.8975066714257066
