Inhibitor,Bottom,Top,IC50,Hill
DrugA,2.7922137544847253e-16,93.08310735207674,4.788363287077073,4.8861807226538065
DrugB,2.461293636888793e-19,93.14711645562903,4.839149669302139,4.999999999999972
DrugC,1.0669216717733555e-19,91.57719179837618,4.794331167835277,4.92248618383538
